 Area Code, M49 Code, Area
2,'004,Afghanistan
5100,'002,Africa
284,'248,Åland Islands
3,'008,Albania
4,'012,Algeria
5,'016,American Samoa
5200,'019,Americas
6,'020,Andorra
7,'024,Angola
258,'660,Anguilla
8,'028,Antigua and Barbuda
9,'032,Argentina
1,'051,Armenia
22,'533,Aruba
5300,'142,Asia
10,'036,Australia
5501,'053,Australia and New Zealand
11,'040,Austria
52,'031,Azerbaijan
12,'044,Bahamas
13,'048,Bahrain
16,'050,Bangladesh
14,'052,Barbados
57,'112,Belarus
255,'056,Belgium
23,'084,Belize
53,'204,Benin
17,'060,Bermuda
18,'064,Bhutan
19,'068,Bolivia (Plurinational State of)
278,'535,Bonaire; Sint Eustatius and Saba
80,'070,Bosnia and Herzegovina
20,'072,Botswana
31,'074,Bouvet Island
21,'076,Brazil
239,'092,British Virgin Islands
26,'096,Brunei Darussalam
27,'100,Bulgaria
233,'854,Burkina Faso
29,'108,Burundi
35,'132,Cabo Verde
115,'116,Cambodia
32,'120,Cameroon
33,'124,Canada
5206,'029,Caribbean
36,'136,Cayman Islands
37,'140,Central African Republic
5204,'013,Central America
5301,'143,Central Asia
5306,'062,Central Asia and Southern Asia
39,'148,Chad
24,'086,Chagos Archipelago
259,'830,Channel Islands
40,'152,Chile
96,'344,China; Hong Kong SAR
128,'446,China; Macao SAR
41,'156,China; mainland
214,'158,China; Taiwan Province of
42,'162,Christmas Island
43,'166,Cocos (Keeling) Islands
44,'170,Colombia
45,'174,Comoros
46,'178,Congo
47,'184,Cook Islands
48,'188,Costa Rica
107,'384,Côte d'Ivoire
98,'191,Croatia
49,'192,Cuba
279,'531,Curaçao
50,'196,Cyprus
167,'203,Czechia
116,'408,Democratic People's Republic of Korea
250,'180,Democratic Republic of the Congo
54,'208,Denmark
72,'262,Djibouti
55,'212,Dominica
56,'214,Dominican Republic
5101,'014,Eastern Africa
5302,'030,Eastern Asia
5307,'753,Eastern Asia and South-eastern Asia
5401,'151,Eastern Europe
58,'218,Ecuador
59,'818,Egypt
60,'222,El Salvador
61,'226,Equatorial Guinea
178,'232,Eritrea
63,'233,Estonia
209,'748,Eswatini
238,'231,Ethiopia
5400,'150,Europe
5777,'777,Europe; Northern America; Australia and New Zealand
65,'238,Falkland Islands (Malvinas)
99029,'99029,FAO Major Fishing Area: Atlantic; Eastern Central (14.4.1)
99024,'99024,FAO Major Fishing Area: Atlantic; Northeast (14.4.1)
99023,'99023,FAO Major Fishing Area: Atlantic; Northwest (14.4.1)
99026,'99026,FAO Major Fishing Area: Atlantic; Southeast (14.4.1)
99030,'99030,FAO Major Fishing Area: Atlantic; Southwest (14.4.1)
99028,'99028,FAO Major Fishing Area: Atlantic; Western Central (14.4.1)
99025,'99025,FAO Major Fishing Area: Indian Ocean; Eastern (14.4.1)
99027,'99027,FAO Major Fishing Area: Indian Ocean; Western (14.4.1)
99032,'99032,FAO Major Fishing Area: Mediterranean and Black Sea (14.4.1)
99018,'99018,FAO Major Fishing Area: Pacific; Eastern Central (14.4.1)
99019,'99019,FAO Major Fishing Area: Pacific; Northeast (14.4.1)
99020,'99020,FAO Major Fishing Area: Pacific; Northwest (14.4.1)
99031,'99031,FAO Major Fishing Area: Pacific; Southeast (14.4.1)
99022,'99022,FAO Major Fishing Area: Pacific; Southwest (14.4.1)
99021,'99021,FAO Major Fishing Area: Pacific; Western Central (14.4.1)
64,'234,Faroe Islands
66,'242,Fiji
67,'246,Finland
68,'250,France
69,'254,French Guiana
70,'258,French Polynesia
71,'260,French Southern Territories
74,'266,Gabon
75,'270,Gambia
73,'268,Georgia
79,'276,Germany
81,'288,Ghana
82,'292,Gibraltar
84,'300,Greece
85,'304,Greenland
86,'308,Grenada
87,'312,Guadeloupe
88,'316,Guam
89,'320,Guatemala
274,'831,Guernsey
90,'324,Guinea
175,'624,Guinea-Bissau
91,'328,Guyana
93,'332,Haiti
92,'334,Heard and McDonald Islands
9010,'903,High-income economies
94,'336,Holy See
95,'340,Honduras
97,'348,Hungary
99,'352,Iceland
100,'356,India
101,'360,Indonesia
5823,'917,International Centres (FAO) (2.5.1.a)
102,'364,Iran (Islamic Republic of)
103,'368,Iraq
104,'372,Ireland
264,'833,Isle of Man
105,'376,Israel
106,'380,Italy
109,'388,Jamaica
110,'392,Japan
283,'832,Jersey
112,'400,Jordan
108,'398,Kazakhstan
114,'404,Kenya
83,'296,Kiribati
118,'414,Kuwait
113,'417,Kyrgyzstan
5802,'432,Land Locked Developing Countries
120,'418,Lao People's Democratic Republic
5205,'419,Latin America and the Caribbean
119,'428,Latvia
5801,'199,Least Developed Countries
121,'422,Lebanon
122,'426,Lesotho
123,'430,Liberia
124,'434,Libya
125,'438,Liechtenstein
126,'440,Lithuania
5815,'901,Low Income Food Deficit Countries
5859,'905,Lower-middle-income economies
5858,'904,Low-income economies
256,'442,Luxembourg
129,'450,Madagascar
130,'454,Malawi
131,'458,Malaysia
132,'462,Maldives
133,'466,Mali
134,'470,Malta
127,'584,Marshall Islands
135,'474,Martinique
136,'478,Mauritania
137,'480,Mauritius
270,'175,Mayotte
5502,'054,Melanesia
138,'484,Mexico
5503,'057,Micronesia
145,'583,Micronesia (Federated States of)
5102,'017,Middle Africa
140,'492,Monaco
141,'496,Mongolia
273,'499,Montenegro
142,'500,Montserrat
143,'504,Morocco
144,'508,Mozambique
28,'104,Myanmar
147,'516,Namibia
148,'520,Nauru
149,'524,Nepal
150,'528,Netherlands (Kingdom of the)
153,'540,New Caledonia
156,'554,New Zealand
157,'558,Nicaragua
158,'562,Niger
159,'566,Nigeria
160,'570,Niue
161,'574,Norfolk Island
154,'807,North Macedonia
5103,'015,Northern Africa
5203,'021,Northern America
5208,'513,Northern America and Europe
5402,'154,Northern Europe
163,'580,Northern Mariana Islands
162,'578,Norway
5500,'009,Oceania
5807,'543,Oceania excluding Australia and New Zealand
221,'512,Oman
165,'586,Pakistan
180,'585,Palau
299,'275,Palestine
166,'591,Panama
168,'598,Papua New Guinea
169,'600,Paraguay
170,'604,Peru
171,'608,Philippines
172,'612,Pitcairn
173,'616,Poland
5504,'061,Polynesia
174,'620,Portugal
177,'630,Puerto Rico
179,'634,Qatar
5822,'919,Regional Centres (FAO) (2.5.1.a)
117,'410,Republic of Korea
146,'498,Republic of Moldova
182,'638,Réunion
183,'642,Romania
185,'643,Russian Federation
184,'646,Rwanda
282,'652,Saint Barthélemy
187,'654,Saint Helena; Ascension and Tristan da Cunha
188,'659,Saint Kitts and Nevis
189,'662,Saint Lucia
281,'663,Saint Martin (French part)
190,'666,Saint Pierre and Miquelon
191,'670,Saint Vincent and the Grenadines
244,'882,Samoa
192,'674,San Marino
193,'678,Sao Tome and Principe
285,'680,Sark
194,'682,Saudi Arabia
195,'686,Senegal
272,'688,Serbia
196,'690,Seychelles
197,'694,Sierra Leone
200,'702,Singapore
280,'534,Sint Maarten (Dutch part)
199,'703,Slovakia
198,'705,Slovenia
5803,'722,Small Island Developing States
25,'090,Solomon Islands
201,'706,Somalia
202,'710,South Africa
5207,'005,South America
271,'239,South Georgia and the South Sandwich Islands
277,'728,South Sudan
5304,'035,South-eastern Asia
5104,'018,Southern Africa
5303,'034,Southern Asia
5403,'039,Southern Europe
203,'724,Spain
38,'144,Sri Lanka
420,'202,Sub-Saharan Africa
276,'729,Sudan
207,'740,Suriname
260,'744,Svalbard and Jan Mayen Islands
210,'752,Sweden
211,'756,Switzerland
212,'760,Syrian Arab Republic
208,'762,Tajikistan
216,'764,Thailand
176,'626,Timor-Leste
217,'768,Togo
218,'772,Tokelau
219,'776,Tonga
220,'780,Trinidad and Tobago
222,'788,Tunisia
223,'792,Türkiye
213,'795,Turkmenistan
224,'796,Turks and Caicos Islands
227,'798,Tuvalu
226,'800,Uganda
230,'804,Ukraine
225,'784,United Arab Emirates
229,'826,United Kingdom of Great Britain and Northern Ireland
215,'834,United Republic of Tanzania
232,'581,United States Minor Outlying Islands
231,'840,United States of America
240,'850,United States Virgin Islands
9011,'906,Upper-middle-income economies
234,'858,Uruguay
235,'860,Uzbekistan
155,'548,Vanuatu
236,'862,Venezuela (Bolivarian Republic of)
237,'704,Viet Nam
243,'876,Wallis and Futuna Islands
5105,'011,Western Africa
5305,'145,Western Asia
5308,'747,Western Asia and Northern Africa
5404,'155,Western Europe
205,'732,Western Sahara
5000,'001,World
249,'887,Yemen
251,'894,Zambia
181,'716,Zimbabwe
